"Label (Grouping)","United States!!Estimate","United States!!Margin of Error"
"Total:","127,482,865","±208,633"
"    English only","98,543,820","±199,373"
"    Spanish:","16,504,185","±22,601"
"        Limited English speaking household","3,186,816","±27,401"
"        Not a limited English speaking household","13,317,369","±34,727"
"    Other Indo-European languages:","5,796,723","±16,879"
"        Limited English speaking household","833,954","±8,744"
"        Not a limited English speaking household","4,962,769","±15,762"
"    Asian and Pacific Island languages:","4,947,763","±18,992"
"        Limited English speaking household","1,115,170","±7,760"
"        Not a limited English speaking household","3,832,593","±16,650"
"    Other languages:","1,690,374","±12,356"
"        Limited English speaking household","245,396","±5,315"
"        Not a limited English speaking household","1,444,978","±11,543"